Week,Day,Date,Time,Winner/tie,Away,Loser/tie,PtsW,PtsL,YdsW,TOW,YdsL,TOL
1,Thu,9/8/22,8:20PM,Buffalo Bills,@,Los Angeles Rams,31,10,413,4,243,3
1,Sun,9/11/22,1:00PM,New Orleans Saints,@,Atlanta Falcons,27,26,385,1,416,2
1,Sun,9/11/22,1:00PM,Cleveland Browns,@,Carolina Panthers,26,24,355,0,261,1
1,Sun,9/11/22,1:00PM,Chicago Bears,,San Francisco 49ers,19,10,204,1,331,2
1,Sun,9/11/22,1:00PM,Pittsburgh Steelers,@,Cincinnati Bengals,23,20,267,0,432,5
1,Sun,9/11/22,1:00PM,Houston Texans,,Indianapolis Colts,20,20,299,1,517,2
1,Sun,9/11/22,1:00PM,Philadelphia Eagles,@,Detroit Lions,38,35,455,0,386,1
1,Sun,9/11/22,1:00PM,Washington Commanders,,Jacksonville Jaguars,28,22,390,3,383,1
1,Sun,9/11/22,1:00PM,Miami Dolphins,,New England Patriots,20,7,307,0,271,3
1,Sun,9/11/22,1:00PM,Baltimore Ravens,@,New York Jets,24,9,274,1,380,2
1,Sun,9/11/22,4:25PM,Kansas City Chiefs,@,Arizona Cardinals,44,21,488,1,282,0
1,Sun,9/11/22,4:25PM,Minnesota Vikings,,Green Bay Packers,23,7,395,0,338,2
1,Sun,9/11/22,4:25PM,New York Giants,@,Tennessee Titans,21,20,394,2,359,1
1,Sun,9/11/22,4:25PM,Los Angeles Chargers,,Las Vegas Raiders,24,19,355,0,320,3
1,Sun,9/11/22,8:20PM,Tampa Bay Buccaneers,@,Dallas Cowboys,19,3,347,1,244,1
1,Mon,9/12/22,8:20PM,Seattle Seahawks,,Denver Broncos,17,16,253,1,433,2
2,Thu,9/15/22,8:15PM,Kansas City Chiefs,,Los Angeles Chargers,27,24,319,0,401,1
2,Sun,9/18/22,1:00PM,New York Giants,,Carolina Panthers,19,16,265,0,275,2
2,Sun,9/18/22,1:00PM,New York Jets,@,Cleveland Browns,31,30,402,1,405,1
2,Sun,9/18/22,1:00PM,Jacksonville Jaguars,,Indianapolis Colts,24,0,331,0,218,3
2,Sun,9/18/22,1:00PM,Detroit Lions,,Washington Commanders,36,27,425,0,396,1
2,Sun,9/18/22,1:00PM,Miami Dolphins,@,Baltimore Ravens,42,38,547,2,473,0
2,Sun,9/18/22,1:00PM,Tampa Bay Buccaneers,@,New Orleans Saints,20,10,260,1,308,5
2,Sun,9/18/22,1:00PM,New England Patriots,@,Pittsburgh Steelers,17,14,376,1,243,2
2,Sun,9/18/22,4:05PM,Los Angeles Rams,,Atlanta Falcons,31,27,337,3,261,3
2,Sun,9/18/22,4:05PM,San Francisco 49ers,,Seattle Seahawks,27,7,373,0,216,3
2,Sun,9/18/22,4:25PM,Dallas Cowboys,,Cincinnati Bengals,20,17,337,1,254,0
2,Sun,9/18/22,4:25PM,Arizona Cardinals,@,Las Vegas Raiders,29,23,413,1,324,1
2,Sun,9/18/22,4:25PM,Denver Broncos,,Houston Texans,16,9,350,1,234,0
2,Sun,9/18/22,8:20PM,Green Bay Packers,,Chicago Bears,27,10,414,1,228,1
2,Mon,9/19/22,7:15PM,Buffalo Bills,,Tennessee Titans,41,7,414,0,187,4
2,Mon,9/19/22,8:30PM,Philadelphia Eagles,,Minnesota Vikings,24,7,486,1,264,3
3,Thu,9/22/22,8:15PM,Cleveland Browns,,Pittsburgh Steelers,29,17,376,0,308,1
3,Sun,9/25/22,1:00PM,Miami Dolphins,,Buffalo Bills,21,19,212,0,497,1
3,Sun,9/25/22,1:00PM,Carolina Panthers,,New Orleans Saints,22,14,293,0,426,3
3,Sun,9/25/22,1:00PM,Chicago Bears,,Houston Texans,23,20,363,2,329,2
3,Sun,9/25/22,1:00PM,Cincinnati Bengals,@,New York Jets,27,12,330,1,328,4
3,Sun,9/25/22,1:00PM,Indianapolis Colts,,Kansas City Chiefs,20,17,259,1,315,2
3,Sun,9/25/22,1:00PM,Minnesota Vikings,,Detroit Lions,28,24,373,1,416,1
3,Sun,9/25/22,1:00PM,Baltimore Ravens,@,New England Patriots,37,26,394,2,447,4
3,Sun,9/25/22,1:00PM,Tennessee Titans,,Las Vegas Raiders,24,22,361,1,396,1
3,Sun,9/25/22,1:00PM,Philadelphia Eagles,@,Washington Commanders,24,8,400,0,240,1
3,Sun,9/25/22,4:05PM,Jacksonville Jaguars,@,Los Angeles Chargers,38,10,413,0,312,2
3,Sun,9/25/22,4:25PM,Atlanta Falcons,@,Seattle Seahawks,27,23,386,2,420,1
3,Sun,9/25/22,4:25PM,Los Angeles Rams,@,Arizona Cardinals,20,12,339,1,365,0
3,Sun,9/25/22,4:25PM,Green Bay Packers,@,Tampa Bay Buccaneers,14,12,315,2,285,2
3,Sun,9/25/22,8:20PM,Denver Broncos,,San Francisco 49ers,11,10,261,0,267,3
3,Mon,9/26/22,8:15PM,Dallas Cowboys,@,New York Giants,23,16,391,0,336,1
4,Thu,9/29/22,8:15PM,Cincinnati Bengals,,Miami Dolphins,27,15,371,0,378,2
4,Sun,10/2/22,9:30AM,Minnesota Vikings,@,New Orleans Saints,28,25,344,1,338,2
4,Sun,10/2/22,1:00PM,Atlanta Falcons,,Cleveland Browns,23,20,333,1,403,2
4,Sun,10/2/22,1:00PM,Buffalo Bills,@,Baltimore Ravens,23,20,326,2,296,2
4,Sun,10/2/22,1:00PM,New York Giants,,Chicago Bears,20,12,333,2,304,3
4,Sun,10/2/22,1:00PM,Tennessee Titans,@,Indianapolis Colts,24,17,243,0,365,3
4,Sun,10/2/22,1:00PM,Dallas Cowboys,,Washington Commanders,25,10,279,0,297,2
4,Sun,10/2/22,1:00PM,Seattle Seahawks,@,Detroit Lions,48,45,555,1,520,2
4,Sun,10/2/22,1:00PM,Los Angeles Chargers,@,Houston Texans,34,24,419,1,346,2
4,Sun,10/2/22,1:00PM,Philadelphia Eagles,,Jacksonville Jaguars,29,21,401,1,219,4
4,Sun,10/2/22,1:00PM,New York Jets,@,Pittsburgh Steelers,24,20,348,2,297,4
4,Sun,10/2/22,4:05PM,Arizona Cardinals,@,Carolina Panthers,26,16,338,1,220,3
4,Sun,10/2/22,4:25PM,Las Vegas Raiders,,Denver Broncos,32,23,385,0,299,1
4,Sun,10/2/22,4:25PM,Green Bay Packers,,New England Patriots,27,24,443,2,271,1
4,Sun,10/2/22,8:20PM,Kansas City Chiefs,@,Tampa Bay Buccaneers,41,31,417,1,376,2
4,Mon,10/3/22,8:15PM,San Francisco 49ers,,Los Angeles Rams,24,9,327,0,257,2
5,Thu,10/6/22,8:15PM,Indianapolis Colts,@,Denver Broncos,12,9,306,2,375,2
5,Sun,10/9/22,9:30AM,New York Giants,@,Green Bay Packers,27,22,338,0,301,0
5,Sun,10/9/22,1:00PM,Tampa Bay Buccaneers,,Atlanta Falcons,21,15,420,0,261,0
5,Sun,10/9/22,1:00PM,Buffalo Bills,,Pittsburgh Steelers,38,3,552,2,364,2
5,Sun,10/9/22,1:00PM,Minnesota Vikings,,Chicago Bears,29,22,429,1,271,1
5,Sun,10/9/22,1:00PM,Los Angeles Chargers,@,Cleveland Browns,30,28,465,0,443,1
5,Sun,10/9/22,1:00PM,New England Patriots,,Detroit Lions,29,0,364,1,312,2
5,Sun,10/9/22,1:00PM,Houston Texans,@,Jacksonville Jaguars,13,6,248,0,422,2
5,Sun,10/9/22,1:00PM,New York Jets,,Miami Dolphins,40,17,322,0,295,2
5,Sun,10/9/22,1:00PM,New Orleans Saints,,Seattle Seahawks,39,32,438,2,396,1
5,Sun,10/9/22,1:00PM,Tennessee Titans,@,Washington Commanders,21,17,241,0,385,1
5,Sun,10/9/22,4:05PM,San Francisco 49ers,@,Carolina Panthers,37,15,397,1,308,1
5,Sun,10/9/22,4:25PM,Philadelphia Eagles,@,Arizona Cardinals,20,17,357,0,363,1
5,Sun,10/9/22,4:25PM,Dallas Cowboys,@,Los Angeles Rams,22,10,239,0,323,3
5,Sun,10/9/22,8:20PM,Baltimore Ravens,,Cincinnati Bengals,19,17,325,1,291,1
5,Mon,10/10/22,8:15PM,Kansas City Chiefs,,Las Vegas Raiders,30,29,368,0,378,0
6,Thu,10/13/22,8:15PM,Washington Commanders,@,Chicago Bears,12,7,214,0,391,2
6,Sun,10/16/22,1:00PM,Atlanta Falcons,,San Francisco 49ers,28,14,289,0,346,3
6,Sun,10/16/22,1:00PM,Cincinnati Bengals,@,New Orleans Saints,30,26,348,1,399,0
6,Sun,10/16/22,1:00PM,New England Patriots,@,Cleveland Browns,38,15,399,1,328,4
6,Sun,10/16/22,1:00PM,Indianapolis Colts,,Jacksonville Jaguars,34,27,434,0,379,1
6,Sun,10/16/22,1:00PM,New York Jets,@,Green Bay Packers,27,10,278,0,278,1
6,Sun,10/16/22,1:00PM,Minnesota Vikings,@,Miami Dolphins,24,16,234,0,458,3
6,Sun,10/16/22,1:00PM,New York Giants,,Baltimore Ravens,24,20,238,1,406,2
6,Sun,10/16/22,1:00PM,Pittsburgh Steelers,,Tampa Bay Buccaneers,20,18,270,0,304,0
6,Sun,10/16/22,4:05PM,Los Angeles Rams,,Carolina Panthers,24,10,360,1,203,1
6,Sun,10/16/22,4:05PM,Seattle Seahawks,,Arizona Cardinals,19,9,296,1,315,2
6,Sun,10/16/22,4:25PM,Buffalo Bills,@,Kansas City Chiefs,24,20,443,1,387,2
6,Sun,10/16/22,8:20PM,Philadelphia Eagles,,Dallas Cowboys,26,17,268,0,315,3
6,Mon,10/17/22,8:15PM,Los Angeles Chargers,,Denver Broncos,19,16,297,1,258,1
7,Thu,10/20/22,8:15PM,Arizona Cardinals,,New Orleans Saints,42,34,326,0,494,3
7,Sun,10/23/22,1:00PM,Cincinnati Bengals,,Atlanta Falcons,35,17,537,0,214,0
7,Sun,10/23/22,1:00PM,Carolina Panthers,,Tampa Bay Buccaneers,21,3,343,0,322,0
7,Sun,10/23/22,1:00PM,Baltimore Ravens,,Cleveland Browns,23,20,254,1,336,2
7,Sun,10/23/22,1:00PM,Tennessee Titans,,Indianapolis Colts,19,10,254,1,292,3
7,Sun,10/23/22,1:00PM,Dallas Cowboys,,Detroit Lions,24,6,330,1,312,5
7,Sun,10/23/22,1:00PM,Washington Commanders,,Green Bay Packers,23,21,364,1,232,1
7,Sun,10/23/22,1:00PM,New York Giants,@,Jacksonville Jaguars,23,17,436,0,452,1
7,Sun,10/23/22,4:05PM,Las Vegas Raiders,,Houston Texans,38,20,400,0,404,1
7,Sun,10/23/22,4:05PM,New York Jets,@,Denver Broncos,16,9,260,0,324,1
7,Sun,10/23/22,4:25PM,Kansas City Chiefs,@,San Francisco 49ers,44,23,529,2,444,3
7,Sun,10/23/22,4:25PM,Seattle Seahawks,@,Los Angeles Chargers,37,23,404,2,329,2
7,Sun,10/23/22,8:20PM,Miami Dolphins,,Pittsburgh Steelers,16,10,372,0,341,3
7,Mon,10/24/22,8:15PM,Chicago Bears,@,New England Patriots,33,14,390,1,260,4
8,Thu,10/27/22,8:15PM,Baltimore Ravens,@,Tampa Bay Buccaneers,27,22,453,0,349,1
8,Sun,10/30/22,9:30AM,Denver Broncos,@,Jacksonville Jaguars,21,17,331,1,305,2
8,Sun,10/30/22,1:00PM,Miami Dolphins,@,Detroit Lions,31,27,476,1,393,0
8,Sun,10/30/22,1:00PM,Philadelphia Eagles,,Pittsburgh Steelers,35,13,401,0,302,2
8,Sun,10/30/22,1:00PM,Atlanta Falcons,,Carolina Panthers,37,34,406,2,478,1
8,Sun,10/30/22,1:00PM,Dallas Cowboys,,Chicago Bears,49,29,442,1,371,1
8,Sun,10/30/22,1:00PM,Minnesota Vikings,,Arizona Cardinals,34,26,381,1,375,3
8,Sun,10/30/22,1:00PM,New Orleans Saints,,Las Vegas Raiders,24,0,367,0,183,1
8,Sun,10/30/22,1:00PM,New England Patriots,@,New York Jets,22,17,288,1,387,3
8,Sun,10/30/22,4:05PM,Tennessee Titans,@,Houston Texans,17,10,354,2,161,1
8,Sun,10/30/22,4:25PM,San Francisco 49ers,@,Los Angeles Rams,31,14,368,0,223,0
8,Sun,10/30/22,4:25PM,Washington Commanders,@,Indianapolis Colts,17,16,362,1,324,2
8,Sun,10/30/22,4:25PM,Seattle Seahawks,,New York Giants,27,13,277,1,225,2
8,Sun,10/30/22,8:20PM,Buffalo Bills,,Green Bay Packers,27,17,369,2,398,1
8,Mon,10/31/22,8:15PM,Cleveland Browns,,Cincinnati Bengals,32,13,440,2,229,2
9,Thu,11/3/22,8:15PM,Philadelphia Eagles,@,Houston Texans,29,17,360,1,303,2
9,Sun,11/6/22,1:00PM,New York Jets,,Buffalo Bills,20,17,310,1,317,2
9,Sun,11/6/22,1:00PM,Detroit Lions,,Green Bay Packers,15,9,254,1,389,3
9,Sun,11/6/22,1:00PM,Minnesota Vikings,@,Washington Commanders,20,17,301,1,263,1
9,Sun,11/6/22,1:00PM,Los Angeles Chargers,@,Atlanta Falcons,20,17,336,2,315,2
9,Sun,11/6/22,1:00PM,Cincinnati Bengals,,Carolina Panthers,42,21,464,0,228,3
9,Sun,11/6/22,1:00PM,Miami Dolphins,@,Chicago Bears,35,32,379,0,368,0
9,Sun,11/6/22,1:00PM,New England Patriots,,Indianapolis Colts,26,3,203,1,121,1
9,Sun,11/6/22,1:00PM,Jacksonville Jaguars,,Las Vegas Raiders,27,20,403,1,321,1
9,Sun,11/6/22,4:05PM,Seattle Seahawks,@,Arizona Cardinals,31,21,421,1,262,1
9,Sun,11/6/22,4:25PM,Tampa Bay Buccaneers,,Los Angeles Rams,16,13,323,0,206,0
9,Sun,11/6/22,8:20PM,Kansas City Chiefs,,Tennessee Titans,20,17,499,1,229,0
9,Mon,11/7/22,8:15PM,Baltimore Ravens,@,New Orleans Saints,27,13,319,0,243,1
10,Thu,11/10/22,8:15PM,Carolina Panthers,,Atlanta Falcons,25,15,333,0,285,1
10,Sun,11/13/22,9:30AM,Tampa Bay Buccaneers,,Seattle Seahawks,21,16,419,2,283,1
10,Sun,11/13/22,1:00PM,Minnesota Vikings,@,Buffalo Bills,33,30,481,2,486,4
10,Sun,11/13/22,1:00PM,Miami Dolphins,,Cleveland Browns,39,17,491,0,297,1
10,Sun,11/13/22,1:00PM,Tennessee Titans,,Denver Broncos,17,10,307,1,313,1
10,Sun,11/13/22,1:00PM,New York Giants,,Houston Texans,24,16,367,0,387,2
10,Sun,11/13/22,1:00PM,Detroit Lions,@,Chicago Bears,31,30,323,0,408,1
10,Sun,11/13/22,1:00PM,Kansas City Chiefs,,Jacksonville Jaguars,27,17,486,3,315,0
10,Sun,11/13/22,1:00PM,Pittsburgh Steelers,,New Orleans Saints,20,10,379,0,186,2
10,Sun,11/13/22,4:05PM,Indianapolis Colts,@,Las Vegas Raiders,25,20,415,1,309,0
10,Sun,11/13/22,4:25PM,Green Bay Packers,,Dallas Cowboys,31,28,415,2,421,2
10,Sun,11/13/22,4:25PM,Arizona Cardinals,@,Los Angeles Rams,27,17,298,0,256,2
10,Sun,11/13/22,8:20PM,San Francisco 49ers,,Los Angeles Chargers,22,16,387,1,238,1
10,Mon,11/14/22,8:15PM,Washington Commanders,@,Philadelphia Eagles,32,21,330,2,264,4
11,Thu,11/17/22,8:15PM,Tennessee Titans,@,Green Bay Packers,27,17,408,1,271,0
11,Sun,11/20/22,1:00PM,Buffalo Bills,,Cleveland Browns,31,23,357,0,396,1
11,Sun,11/20/22,1:00PM,Detroit Lions,@,New York Giants,31,18,325,0,413,3
11,Sun,11/20/22,1:00PM,Washington Commanders,@,Houston Texans,23,10,344,0,148,2
11,Sun,11/20/22,1:00PM,New England Patriots,,New York Jets,10,3,297,0,103,0
11,Sun,11/20/22,1:00PM,Atlanta Falcons,,Chicago Bears,27,24,280,2,288,1
11,Sun,11/20/22,1:00PM,Baltimore Ravens,,Carolina Panthers,13,3,308,1,205,3
11,Sun,11/20/22,1:00PM,Philadelphia Eagles,@,Indianapolis Colts,17,16,314,2,284,1
11,Sun,11/20/22,1:00PM,New Orleans Saints,,Los Angeles Rams,27,20,323,0,336,0
11,Sun,11/20/22,4:05PM,Las Vegas Raiders,@,Denver Broncos,22,16,407,0,320,0
11,Sun,11/20/22,4:25PM,Cincinnati Bengals,@,Pittsburgh Steelers,37,30,408,2,351,0
11,Sun,11/20/22,4:25PM,Dallas Cowboys,@,Minnesota Vikings,40,3,458,0,183,1
11,Sun,11/20/22,8:20PM,Kansas City Chiefs,@,Los Angeles Chargers,30,27,485,1,365,2
11,Mon,11/21/22,8:15PM,San Francisco 49ers,@,Arizona Cardinals,38,10,387,0,314,2
12,Thu,11/24/22,12:30PM,Buffalo Bills,@,Detroit Lions,28,25,401,1,326,2
12,Thu,11/24/22,4:30PM,Dallas Cowboys,,New York Giants,28,20,430,2,300,0
12,Thu,11/24/22,8:20PM,Minnesota Vikings,,New England Patriots,33,26,358,1,409,0
12,Sun,11/27/22,1:00PM,Cincinnati Bengals,@,Tennessee Titans,20,16,374,0,344,0
12,Sun,11/27/22,1:00PM,Cleveland Browns,,Tampa Bay Buccaneers,23,17,367,1,325,0
12,Sun,11/27/22,1:00PM,Miami Dolphins,,Houston Texans,30,15,339,1,210,3
12,Sun,11/27/22,1:00PM,Jacksonville Jaguars,,Baltimore Ravens,28,27,332,1,415,2
12,Sun,11/27/22,1:00PM,Washington Commanders,,Atlanta Falcons,19,13,314,1,332,1
12,Sun,11/27/22,1:00PM,Carolina Panthers,,Denver Broncos,23,10,349,1,246,2
12,Sun,11/27/22,1:00PM,New York Jets,,Chicago Bears,31,10,466,0,292,1
12,Sun,11/27/22,4:05PM,Las Vegas Raiders,@,Seattle Seahawks,40,34,576,2,372,2
12,Sun,11/27/22,4:05PM,Los Angeles Chargers,@,Arizona Cardinals,25,24,311,0,366,2
12,Sun,11/27/22,4:25PM,Kansas City Chiefs,,Los Angeles Rams,26,10,437,2,198,2
12,Sun,11/27/22,4:25PM,San Francisco 49ers,,New Orleans Saints,13,0,317,0,260,2
12,Sun,11/27/22,8:20PM,Philadelphia Eagles,,Green Bay Packers,40,33,500,1,342,2
12,Mon,11/28/22,8:15PM,Pittsburgh Steelers,@,Indianapolis Colts,24,17,323,0,290,2
,,,,,,,,,,,,
,,,,,,,,,,,,
,,,,,,,,,,,,
,,,,,,,,,,,,
,,,,,,,,,,,,
,,,,,,,,,,,,
,,,,,,,,,,,,
,,,,,,,,,,,,
,,,,,,,,,,,,
,,,,,,,,,,,,
,,,,,,,,,,,,
,,,,,,,,,,,,
,,,,,,,,,,,,
,,,,,,,,,,,,
,,,,,,,,,,,,
,,,,,,,,,,,,
,,,,,,,,,,,,
,,,,,,,,,,,,
,,,,,,,,,,,,
,,,,,,,,,,,,
,,,,,,,,,,,,
,,,,,,,,,,,,
,,,,,,,,,,,,
,,,,,,,,,,,,
,,,,,,,,,,,,
,,,,,,,,,,,,
,,,,,,,,,,,,
,,,,,,,,,,,,
,,,,,,,,,,,,
,,,,,,,,,,,,
,,,,,,,,,,,,
,,,,,,,,,,,,
,,,,,,,,,,,,
,,,,,,,,,,,,
,,,,,,,,,,,,
,,,,,,,,,,,,
,,,,,,,,,,,,
,,,,,,,,,,,,
,,,,,,,,,,,,
,,,,,,,,,,,,
,,,,,,,,,,,,
,,,,,,,,,,,,
,,,,,,,,,,,,
,,,,,,,,,,,,
,,,,,,,,,,,,
,,,,,,,,,,,,
,,,,,,,,,,,,
,,,,,,,,,,,,
,,,,,,,,,,,,
,,,,,,,,,,,,
,,,,,,,,,,,,
,,,,,,,,,,,,
,,,,,,,,,,,,
,,,,,,,,,,,,
,,,,,,,,,,,,
,,,,,,,,,,,,
,,,,,,,,,,,,
,,,,,,,,,,,,
,,,,,,,,,,,,
,,,,,,,,,,,,
,,,,,,,,,,,,
,,,,,,,,,,,,
,,,,,,,,,,,,
,,,,,,,,,,,,
,,,,,,,,,,,,
,,,,,,,,,,,,
,,,,,,,,,,,,
,,,,,,,,,,,,
,,,,,,,,,,,,
,,,,,,,,,,,,
,,,,,,,,,,,,
,,,,,,,,,,,,
,,,,,,,,,,,,
,,,,,,,,,,,,
,,,,,,,,,,,,
,,,,,,,,,,,,
,,,,,,,,,,,,
,,,,,,,,,,,,
,,,,,,,,,,,,
,,,,,,,,,,,,
,,,,,,,,,,,,
,,,,,,,,,,,,
,,,,,,,,,,,,
,,,,,,,,,,,,
,,,,,,,,,,,,
,,,,,,,,,,,,
,,,,,,,,,,,,
,,,,,,,,,,,,
,,,,,,,,,,,,
,,,,,,,,,,,,
,,,,,,,,,,,,
,,,,,,,,,,,,